"Document ID","Document Title",Categories,"Number of Downloads"
477317,"Abuse, Neglect and Exploitation Policy",Administrative,118
473624,"Administrative Forms &#8211; Template QARM-QAPI Meeting Minutes",Administrative,48
473621,"Administrative Form &#8211; QAPI Signature Sheet",Administrative,36
473630,"Administrative Policies and Procedures &#8211; QAPI with QA and RM Program",Administrative,36
476751,"Wound Treatment Policy",Nursing,36
501378,"Infection prevention and control","Policies and Procedures",36
488626,"Mock Code Checklist",Nursing,35
474306,"Hand Hygiene",Nursing,33
476741,"Covid-19 and Covid-19 Vaccine Reporting Policy",Nursing,32
473619,"Administrative -Form- Annual Education Plan 2022",Administrative,31
475781,"Accidents and Supervision Policy",Nursing,31
476743,"Covid-19 Return to Work Criteria Policy","Human Resources",31
478003,"Fall Instructions Checklist For Nurses",Nursing,30
489488,"Medication Administration Policy","Policies and Procedures",30
473532,"Clinical &#8211; Policy and Procedure Hemodialysis",Nursing,28
473547,"Clinical Policy and Procedure &#8211; Transmission-Based-Isolation-Precautions",Nursing,28
478053,"COVID-19 Vaccination Policy","Policies and Procedures",27
480841,"Antibiotic Stewardship Policy","Policies and Procedures",27
485522,"Smoking Policy",Nursing,27
488624,"QA Code Blue Review Worksheet",Nursing,27
473638,"Clinical- Policy and Procedure Elopement and Wandering",Nursing,26
474317,"Activities of Daily Living Policy",Nursing,26
475796,"Influenza Policy","Policies and Procedures",26
474308,"Comprehensive Care Plan",MDS,25
473519,"Clinical &#8211; Guideline CNA skin-body audits",Nursing,25
478067,"Elopements and Wandering Residents Policy","Policies and Procedures",25
493352,"Food Brought in from Outside Sources-Policy","Food and Nutrition Services",25
473559,"Clinical Policy and Procedure &#8211; TB-Infection-Control-Plan",Nursing,24
482851,"Document Id: 482851 (Deleted)",,24
473538,"Clinical- Policy and Procedure Medication-Orders",Nursing,23
475734,"Code Status Policy",Nursing,23
478061,"Pneumococcal Vaccine Policy","Policies and Procedures",23
473582,"Clinical Policy and Procedure -Employee Tuberculosis Testing",Nursing,22
475786,"Consent Influenza Vaccine Consent","Policies and Procedures",22
478091,"Skin Evaluation Policy","Policies and Procedures",22
483243,"Medication Error Policy",Nursing,22
484849,"Document Id: 484849 (Deleted)",,22
473549,"Staff Development &#8211; Clinical &#8211; Nurse Glucometer-Disinfection-Validation-Checklist",Nursing,21
476759,"Mechanical Lift Competency","Staff Development",21
485918,"In-service Attendance Record",Nursing,21
473553,"Document Id: 473553 (Deleted)",,20
478049,"Hemodialysis Policy","Policies and Procedures",20
475779,PASARR,"Social Services",20
485733,"Grievance Policy","Social Services",20
473503,"Clinical- Guideline- Fall Instruction for Nurses",Nursing,19
475794,"Hand Hygiene Post Test","Staff Development",19
473521,"Clinical Form -C.N.A Body Audit",Nursing,19
478013,"Fall Intervention Ideas",Nursing,19
478047,"Care Plan Revision Policy","Policies and Procedures",19
484452,"Job Description &#8211; CNA","Human Resources",19
485117,"Document Id: 485117 (Deleted)",,19
493672,"Witness Statement",Administrative,19
512796,"Enhanced Barrier Precautions",Nursing,19
473544,"Clinical Policy and Procedure Provision-of-Physician-Ordered-Services",Nursing,18
478057,"COVID-19 Employee Vaccination Policy","Policies and Procedures",18
477418,"Resident Abuse Prevention and Reporting Training","Staff Development",18
477420,"Resident Rights and Facility Responsibilities","Staff Development",18
476753,"Medication Storage Policy",Nursing,18
480588,"Visitation Including COVID-19 Policy","Policies and Procedures",18
500553,"Coronavirus-Prevention-and Response-Policy-Revised 5/2023",Nursing,18
511287,"Restorative Nursing Log",Nursing,18
473536,"Clinical Policy and Procedure Documentation-in-Medical-Record",Nursing,17
473505,"Clinical &#8211; Guideline Best Practices Fall",Nursing,17
476649,"Clinical &#8211; Catheter Care Policy","Policies and Procedures",17
484195,"CNA Post Fall Review Internal Tool",Nursing,17
485737,"Grievance Form","Social Services",17
509007,"Medication Administration","Staff Development",17
505942,"Admissions- Pre Admissions Clinical-Green-Yellow-Red-Process","Policies and Procedures",17
476757,"Change in Condition Guideline",Nursing,16
476737,"Document Id: 476737 (Deleted)",,16
482585,"Manager on Duty Program 2-4-22",Administrative,16
483235,"Use of Psychotropic Medication",Nursing,16
483213,"Transfer , Discharge including AMA Policy",Administrative,16
485729,"Informed Consent By Resident",Nursing,16
488868,"Document Id: 488868 (Deleted)",,16
485233,"20 Questions_Dementia Care","Staff Development",16
473602,"Administrative Guidelines-Abuse vs. Reporting of Crimes",Administrative,15
473511,"Clinical Guidelines- Interventions for resident falls Sunview 2022",Nursing,15
477416,"QAPI Essential Training","Staff Development",15
482356,"Document Id: 482356 (Deleted)",,15
482544,"Dietary Assistant Manager Daily Checklist- Form","Food and Nutrition Services",15
481095,"Glucometer Disinfecting Policy","Policies and Procedures",15
473588,"Clinical Policy and Procedures -Safeguarding-of-Resident-Identifiable-Information-HIPAA",Nursing,15
484446,"Job Description &#8211; Director of Nursing","Human Resources",15
481477,"Standards for Entering and Negotiating Signing Contracts 12-12-22",Administrative,15
504874,"Hot Liquid Safety- Policy","Food and Nutrition Services",15
473492,"Clinical Policies and Procedures- Fall Risk Evaluation",Nursing,14
473570,"Clinical Policy and Procedure &#8211; Enhanced-Barrier-Precautions",Nursing,14
473507,"Clinical Form- Fall investigation witness statement Sunview 2022",Nursing,14
481453,"Document Id: 481453 (Deleted)",,14
482515,"Cooler-Freezer Temperature Monitoring-Policy","Food and Nutrition Services",14
478035,"Daily Clinical Meeting Homework Sheet",Nursing,14
482709,"Smoking Contract",Administrative,14
481085,"Advance Directives Policy","Policies and Procedures",14
482503,"Food Safety Requirements- Policy","Food and Nutrition Services",14
484197,"Daily Fall Review Internal Tool",Nursing,14
477991,"Document Id: 477991 (Deleted)",,14
473613,"Clinical Policies and Procedures -Culturally-Competent-Care",Nursing,13
477061,"Dietary Dining and Activities- Policy","Food and Nutrition Services",13
477408,"Compliance and Ethics Program Training","Staff Development",13
473509,"Clinical -Guideline Fall tool kit box Sunview 2022",Nursing,13
478005,"Fall Investigation Witness Statement",Nursing,13
478033,"Document Id: 478033 (Deleted)",,13
481091,"Blood Glucose Monitoring Policy","Policies and Procedures",13
481097,"Glucometer Disinfection Competency","Staff Development",13
482587,"Manager on Duty Report",Administrative,13
483224,"Notification of Change Policy","Policies and Procedures",13
484224,"Weight Monitoring- Process",Nursing,13
487966,"Dietary Weekly-Monthly Sanitation Checklist- Form","Food and Nutrition Services",13
500547,"Activities to Meet the Needs Policy",Activities,13
504157,"Refrigerator-Freezer Temperature-Form","Food and Nutrition Services",13
509053,"Resident Rights","Policies and Procedures",13
473626,"Document Id: 473626 (Deleted)",,12
475783,"Consent Covid","Policies and Procedures",12
473563,"Clinical Policy and Procedure- MDRO-Infection-Policy Do not accept new C auris infections",Nursing,12
477424,"Trauma Informed Care Training","Staff Development",12
476747,"Bloodborne Pathogens-Contaminated Sharps Policy",Nursing,12
476785,"Quality Monitor Form",Nursing,12
476728,"Transfers Safe Resident Handling Policy",Nursing,12
476771,"Standards of Care Guide",Nursing,12
478037,"Daily Clinical Meeting Training","Staff Development",12
478043,"Standards of Care Forms",Nursing,12
476783,"Event Severity Grid",Administrative,12
481104,"Document Id: 481104 (Deleted)",,12
484219,"Risk Management- Resident Incident Accidents Trend Summary Tool",Nursing,12
477773,"Nourishment Refrigerator-Freezer Storage-Policy","Food and Nutrition Services",12
482546,"Dietary Manager and Assistant Manager Delegation of Duties","Food and Nutrition Services",12
485121,"Drug Diversion Performance Improvement Project",Nursing,12
484270,Management-of-Candida-Auris-Policy,Nursing,12
497728,"Head-Lice-Scabies- Exposure-Policy",Nursing,12
493354,"Food Brought in from Outside Facility-Handout","Food and Nutrition Services",12
510438,"Clincal Morning Meeting Agenda",Nursing,12
514331,"Determination of Code Status Process",Nursing,12
473617,"Staff Development &#8211; Form Bloodborne-Pathogens-Standards-Pre-Post-Test","Staff Development",11
480580,"Document Id: 480580 (Deleted)",,11
481093,"Glucometer Control Log",Nursing,11
482542,"Assistant Dietary Manager or Supervisor Non-Certified Competency- Form","Food and Nutrition Services",11
482714,"Document Id: 482714 (Deleted)",,11
482528,"Nutritional Management- Policy","Food and Nutrition Services",11
482505,"Food Temperatures and Recording- Policy","Food and Nutrition Services",11
477993,"Elopement Post Event Checklist",Nursing,11
487998,"Food Preference- MNA Screening- Form","Food and Nutrition Services",11
497722,"5 Day Reportable Template",Nursing,11
484458,"Job Description &#8211; LPN Supervisor","Human Resources",11
501244,"Competency CNA Skills Checkoff","Staff Development",11
497710,"Sexual Abuse Questionnaire",Nursing,11
501254,"Inservice Attendance Record Sunview","Staff Development",11
514097,"Liberalized Medication Pass Time Codes",Nursing,11
473640,"Administrative Policy and Procedure &#8211; Reporting-Reasonable-Suspicion-of-a-Crime",Administrative,10
475598,"Tracheostomy Care",Nursing,10
476775,"Standards of Care Forms",Nursing,10
476767,"Wound Care Products Guide Tool",Nursing,10
478031,"Alert Charting Process",Nursing,10
479632,"Weight Monitoring- Policy",Nursing,10
478029,"Alert Charting Log",Nursing,10
478039,"Standards of Care Guideline",Nursing,10
482362,"Handwashing for Dietary Employees Policy","Food and Nutrition Services",10
482491,"Snack Nourishment- Process","Food and Nutrition Services",10
482354,"Date Marking For Food Safety Policy","Food and Nutrition Services",10
477997,"Document Id: 477997 (Deleted)",,10
476773,"Standards of Care Cues Resource",Nursing,10
478019,"Enhanced Barrier Precautions Training","Staff Development",10
504155,"Food Temperatures Log- Form","Food and Nutrition Services",10
488886,"Certification and Recertification",MDS,10
514336,"Advanced Directive Template","Social Services",10
513191,"Sunview Reportable Checklist",Nursing,10
473494,"Clinical Policies and Procedure- Pressure Injury Prevention",Nursing,9
474319,"Document Id: 474319 (Deleted)",,9
476779,"Thursday Sweeps Process Guide",Nursing,9
473551,"Clinical Forms- Signage for Doors Enhanced-barrier-precautions",Nursing,9
478051,"Document Id: 478051 (Deleted)",,9
473565,"Clinical Policy and Procedure -Personal-Protective-Equipment-Policy",Nursing,9
482538,"Dietary Aid- Competency- Form","Food and Nutrition Services",9
482707,"Smoking Log",Administrative,9
482519,"Record of Food Temperature-Policy","Food and Nutrition Services",9
484188,"5 Why Process Example",Nursing,9
484182,"Legionella- Surveillance Policy","Policies and Procedures",9
484471,"Job Description &#8211; Medical Records","Human Resources",9
481087,"Assessment and Evaluation Accuracy, Frequency, and Timeliness Policy","Policies and Procedures",9
485720,"Document Id: 485720 (Deleted)",,9
483245,"Medication Error Post Test","Staff Development",9
478041,"Standards of Care Cues",Nursing,9
484215,"Non- Pressure Skin Investigation tool",Nursing,9
474320,"Document Id: 474320 (Deleted)",,9
488012,"Dietary Manager Daily Checklist- Form","Food and Nutrition Services",9
488874,"Document Id: 488874 (Deleted)",,9
478021,"Enhanced Barrier Signage",Nursing,9
485735,"Grievance Log","Social Services",9
488000,"Dietary Manager or Assistant Manager Onboarding- Form","Food and Nutrition Services",9
500227,"Emergency Food Supply- Policy","Food and Nutrition Services",9
496784,"Infection Outbreak Response",Nursing,9
500545,"Education Calendar",Administrative,9
514342,"Elopement Missing Residents Process Guide",Nursing,9
517304,"Pneumococcal Consent Form",Nursing,9
477134,"Food Preparation Guidelines-Policy","Food and Nutrition Services",8
477483,"Document Id: 477483 (Deleted)",,8
480586,"Document Id: 480586 (Deleted)",,8
482703,"Smoking Checklist",Administrative,8
482532,"Dietary Services Staffing- Policy","Food and Nutrition Services",8
482536,"Dietary Cook Competency- Form","Food and Nutrition Services",8
477618,"Preferred Wording of Diet Orders- Process","Food and Nutrition Services",8
477138,"Puree Food Preparation- Policy","Food and Nutrition Services",8
485119,"Drug Diversion Investigation and Documentation Checklist",Nursing,8
484199,"Falls Checklist",Nursing,8
484052,"Bed Bug Prevention and Management Policy","Environmental Services",8
478001,"Elopement Evaluation Post-Test","Staff Development",8
485237,"Antipsychotic Alternatives","Staff Development",8
484461,"Job Description &#8211; LPN","Human Resources",8
497908,"Document Id: 497908 (Deleted)",,8
477995,"Elopement Post Event Timeline Form",Nursing,8
484465,"Job Description &#8211; Admissions Director","Human Resources",8
501655,"Private Attendant Agreement",Nursing,8
501653,"Private Attendant Policy",Nursing,8
493089,"Emergency Crash Cart Checklist",Nursing,8
488884,"Document Id: 488884 (Deleted)",,8
504037,"1135 Waiver Roles","Policies and Procedures",8
497698,"Agency Orientation Process",Nursing,8
504827,"Customer Service","Policies and Procedures",8
501306,Admission-Harbourwood-LOGO-Process,Administrative,8
514093,"Liberalized Medication Pass Policy",Nursing,8
514340,"Elopement Drill Form",Nursing,8
512294,"Resident Screening for Tuberculosis Policy",Nursing,8
473578,"Social Services Policy and Procedure -Trauma-Informed-Care","Social Services",7
474315,"Meal Supervision and Assistance Policy","Food and Nutrition Services",7
476789,"Document Id: 476789 (Deleted)",,7
473540,"Clinical Policy and Procedure -Oxygen-Administration",Nursing,7
477414,"Effective Communication Training","Staff Development",7
477748,"Diet Order- Process","Food and Nutrition Services",7
478065,"Fall Risk Policy","Policies and Procedures",7
480309,"Document Id: 480309 (Deleted)",,7
478017,"Document Id: 478017 (Deleted)",,7
481108,"Anticoagulant Management Policy","Policies and Procedures",7
484180,"Neuro Check Assessment Form",Nursing,7
483241,"Document Id: 483241 (Deleted)",,7
484193,"Cleaning and Disnfecting of Resident Care Equipment Policy","Policies and Procedures",7
476769,"Gentell Wound Management Resource",Nursing,7
482517,"Pot and Pan 3-Compartment Sink-Policy","Food and Nutrition Services",7
482493,"Dishwasher Temperature-Policy","Food and Nutrition Services",7
482360,"Snack Nourishment Par Level Form","Food and Nutrition Services",7
483222,"Pain Management Policy","Policies and Procedures",7
485886,"Document Id: 485886 (Deleted)",,7
484450,"Job Description &#8211; MDS Coordinator","Human Resources",7
487875,"Florida Adverse Policy",Nursing,7
484227,"Quality Assurance and Performance Improvement Policy","Policies and Procedures",7
487805,"Bladder and Bowel Patterning Tool",Nursing,7
497696,"Agency Orientation Training Book",Nursing,7
484401,"Admissions-Weekend On Call-Process","Policies and Procedures",7
477999,"Post Elopement Investigation Worksheet",Nursing,7
487877,"Influenza Exposure Control",Nursing,7
504167,"Resident Right to Visitation","Policies and Procedures",7
500270,Clinical-Policy-CDifficile-Infection-Policy,Nursing,7
511285,"Restorative Work Flow",Nursing,7
510814,"Document Id: 510814 (Deleted)",,7
493184,"Survey Survival Guide",Administrative,7
501382,"Routine Cleaning and Disinfection","Policies and Procedures",7
514334,"Clinical Meeting Advanced Directive Compliance Tracking Tool","Social Services",7
514095,"Liberalized Medication Pass MD Letter",Nursing,7
473498,"Staff Development &#8211; Clinical &#8211; Fall Prevention Training","Staff Development",6
475600,"Document Id: 475600 (Deleted)",,6
476459,"Document Id: 476459 (Deleted)",,6
476725,"Suicide Prevention Policy",Nursing,6
477431,"Discharge Planning","Social Services",6
477428,"Phase 3 ROP Staff Education Post Test","Staff Development",6
476733,"Document Id: 476733 (Deleted)",,6
476730,"Document Id: 476730 (Deleted)",,6
476787,"Four Point Action Plan",Nursing,6
473809,"Document Id: 473809 (Deleted)",,6
478059,"Nurse Staffing Posting Policy","Policies and Procedures",6
473584,"Clinical Policy and Procedure -Hepatitis B Exposure Control",Nursing,6
484217,"Post Fall Investigation Tool",Nursing,6
482552,"Dietary Weekly Sanitation Checklist- Sample and Instructions","Food and Nutrition Services",6
482540,"Dietary Manager or Assistant Manager Certified Competency-Form","Food and Nutrition Services",6
484209,"Huddle Stand Up for Falls",Nursing,6
485070,"Human Resources Policy &amp; Procedure &#8211; Driver Requirements and Vehicle Safety","Human Resources",6
484205,"Falls At A Glance",Nursing,6
487111,"Human Resources Form &#8211; Hepatitis B Consent/Waiver","Human Resources",6
476777,"Standards of Care Training","Staff Development",6
484203,"Fall With Major Injury Investigation Tool",Nursing,6
487879,Proper-Use-Of-Bedrails-Policy,Nursing,6
487807,"Incontinence Policy","Policies and Procedures",6
484489,"Job Description &#8211; Director of Environmental Services","Human Resources",6
484454,"Job Description &#8211; RN","Human Resources",6
484404,"Admissions-Referral to Admissions Steps-Process","Policies and Procedures",6
488004,"Dishwasher Temperature Log- Form","Food and Nutrition Services",6
484485,"Job Description &#8211; Central Supply Clerk","Human Resources",6
484483,"Job Description &#8211; Dietary Aide","Human Resources",6
484473,"Job Description &#8211; Receptionist","Human Resources",6
484456,"Job Description &#8211; RN Supervisor","Human Resources",6
484448,"Job Description &#8211; Asst Director of Nursing","Human Resources",6
491902,"Document Id: 491902 (Deleted)",,6
504073,"Call Lights","Policies and Procedures",6
504034,"Bed Hold policy for transfers","Policies and Procedures",6
507059,"Cardiopulmonary Resuscitation",Nursing,6
502837,"Self-Administration of Medication",Nursing,6
510816,"Determination of Code Status","Social Services",6
512926,"Base line Care Plan Summary Form",Nursing,6
519290,"Clinical Services DON Onboarding",Nursing,6
473636,"Document Id: 473636 (Deleted)",,5
476749,"Hepatitis B Exposure Control Policy",Nursing,5
478770,"Document Id: 478770 (Deleted)",,5
473500,"Staff Development- Clinical Form- Fall Prevention Pre- Post Test","Staff Development",5
478027,"Return to Hospital Training","Staff Development",5
480307,"Joint Commision Policy",Administrative,5
482711,"Smoking Attendant Duties",Administrative,5
482523,"Calibrating Thermometers-Policy","Food and Nutrition Services",5
477433,"Social Services Policy","Social Services",5
476781,"Conducting an Investigation Education",Nursing,5
484230,"Care and Treatment of Feeding Tubes Policy","Policies and Procedures",5
476765,"Differential Coding for Skin Issues NPIAP Tool",Nursing,5
482513,"Meals Supervision and Assistance- Policy","Food and Nutrition Services",5
482511,"Liberalized Diet-Policy","Food and Nutrition Services",5
482705,"Smoking Action Plan",Administrative,5
485078,"Human Resources Forms &#8211; Driver Information","Human Resources",5
478015,"Fall Program Best Practices for Nurse Managers",Nursing,5
487113,"Human Resources Form &#8211; Hep B Vaccine Information Sheet","Human Resources",5
476763,"IHA Pressure Injury Investigation Tool Form",Nursing,5
488872,"NOMNC and Advance Beneficiary Notices",MDS,5
484207,"Falls Quick Reference Tool",Nursing,5
484234,"Enteral Tube Medication Administration Policy","Policies and Procedures",5
485161,"Behavior Tip Sheet &#8211; Physical Aggression","Staff Development",5
485756,"RTH Educational Blurb-Hydration",Nursing,5
484463,"Job Description &#8211; PCA","Human Resources",5
484410,"Admission-Pre Admission- ICP Financial Questionaire-Process","Policies and Procedures",5
475738,"Document Id: 475738 (Deleted)",,5
484469,"Job Description &#8211; Business Office Manager","Human Resources",5
501477,"Determination of Capacity",Nursing,5
501074,Administration-Of-Injections-Policy,Nursing,5
488008,"Substitution Log- Form","Food and Nutrition Services",5
484222,"Appropriate Use of Feeding Tubes Policy","Policies and Procedures",5
503323,"Personal Care Aide &#8211; Job Description","Human Resources",5
511283,"Restorative Nursing Policy","Policies and Procedures",5
512932,"Bed Hold Form","Social Services",5
512928,"Base line Care Plan Process",Nursing,5
497708,"Neglect Questionnaire",Nursing,5
520051,"Resident Personal Belongings","Social Services",5
473590,"Clinical Policy and Procedures -Safeguarding-of-Resident-Identifiable-Information-HIPAA",Nursing,4
476468,"Document Id: 476468 (Deleted)",,4
477435,"Document Id: 477435 (Deleted)",,4
476745,"Document Id: 476745 (Deleted)",,4
476739,"Community Transmission Rate Level and Guidance Poster Form",Nursing,4
476755,"Document Id: 476755 (Deleted)",,4
476723,"Behavioral Health Services Policy","Social Services",4
478025,"Root Cause Analysis Training","Staff Development",4
476761,"F Tag List Revised Survey Management","Survey Management",4
484476,"Job Description &#8211; Certified Dietary Manager","Human Resources",4
484413,"Document Id: 484413 (Deleted)",,4
485055,"Document Id: 485055 (Deleted)",,4
482501,"Document Id: 482501 (Deleted)",,4
482499,"Fluid Restriction-Policy","Food and Nutrition Services",4
482497,"Document Id: 482497 (Deleted)",,4
482485,"Dietary Preferences Screening- Process","Food and Nutrition Services",4
478319,"Guest_Employee Meal-Process","Food and Nutrition Services",4
482716,"Smoking Inventory",Administrative,4
485731,"Document Id: 485731 (Deleted)",,4
485739,"Grievance Posting","Social Services",4
485172,"Behavior Tip Sheet &#8211; Wandering","Staff Development",4
484190,"Care, Cleaning and Storage of Housekeeping Equipment Policy","Policies and Procedures",4
488002,"Document Id: 488002 (Deleted)",,4
485157,"Behavior Tip Sheet &#8211; Hoarding","Staff Development",4
477406,"Behavioral Health Services Training","Staff Development",4
481116,"Diabetes Mellitus Training Handouts","Staff Development",4
478063,"Standards of Care Training",Nursing,4
482747,"Disenrollment Request",Administrative,4
488882,"MDS 3.0 Completion and Transmission",MDS,4
484406,"Admissions- Pre Admissions-ICP Medicaid Checklist-Process","Policies and Procedures",4
484415,"Admissions-Tour Inquiry Form-Process","Policies and Procedures",4
488006,"Pot and Pan 3 Compartment Sink Log- Form","Food and Nutrition Services",4
481481,"Business Associate Agreement",Administrative,4
501637,"Facial Covering","Policies and Procedures",4
483226,"Administration of Eyedrop Policy","Policies and Procedures",4
477983,"Destruction of Unused Medications",Nursing,4
488876,"Resident Assessment &#8211; RAI",MDS,4
483218,"Trauma Informed Post Test","Staff Development",4
511289,"Restorative Aide Competency",Nursing,4
512924,"Base line Care Plan",Nursing,4
512912,"Base line Care plan",Nursing,4
511434,"Care Conference Process Policy",Nursing,4
488880,"MDS Assessment Coordinator",MDS,4
515017,"Informed Consent_Refusal to Follow MD orders",Nursing,4
522632,"Narcotic Destruction Log",Nursing,4
519286,"ADON Duties",Nursing,4
513194,"Sexual Misconduct Checklist",Nursing,4
519284,"Unit Manager Duties Checklist",Nursing,4
476457,"Document Id: 476457 (Deleted)",,3
476425,"Document Id: 476425 (Deleted)",,3
474323,"Document Id: 474323 (Deleted)",,3
473632,"Clinical Policy and Procedure &#8211; Safety-for-Residents-with-Substance-Use-Disorder-Policy",Nursing,3
475788,"Culturally Competent Care",Administrative,3
473598,"Administrative Policy and Procedure &#8211; Identity-Theft",Administrative,3
476735,"Document Id: 476735 (Deleted)",,3
477426,"Phase 3 ROP Staff Education Test Answer Key","Staff Development",3
473568,"Document Id: 473568 (Deleted)",,3
478932,"Gait Belt Policy","Policies and Procedures",3
481364,"Noninvasive Ventilation (CPAP, BIPAP, Trilogy) Policy","Policies and Procedures",3
482583,"Weekend / Holiday Administrative Manager Coverage",Administrative,3
473580,"Clinical Policy and Procedure -Accurate Maintenance-of-Electronic-Clinical-Records",Nursing,3
484480,"Job Description &#8211; Cook","Human Resources",3
482554,"Document Id: 482554 (Deleted)",,3
482521,"Thickened Liquids- Policy","Food and Nutrition Services",3
482489,"Supplement Order- Process","Food and Nutrition Services",3
477140,"Safe Handling of Eggs- Policy","Food and Nutrition Services",3
485072,"Human Resources Form &#8211; Driver Requirements and Vehicle Safety Acknowledgment","Human Resources",3
478011,"Fall Prevention Training","Staff Development",3
481479,"Florida Addendum to add to Contracts",Administrative,3
485235,"Aggressive Behavior Training Tool","Staff Development",3
485149,"Behavior Tip Sheet &#8211; Catastrophic Reaction","Staff Development",3
485151,"Behavior Tip Sheet &#8211; Disrobing","Staff Development",3
488878,"Certifying Accuracy of the Resident Assessment",MDS,3
481114,"Diabetes Mellitus Training","Staff Development",3
474310,"Dental Services","Policies and Procedures",3
488010,"Document Id: 488010 (Deleted)",,3
485153,"Behavior Tip Sheet &#8211; Disruptive Behavior","Staff Development",3
484291,"Admissions-PreAdmission- Financial- Clinical-Checklist- Process","Policies and Procedures",3
500542,"Census Policy",Administrative,3
501283,"AHCA Level II Background Checks and Clearinghouse Registration","Human Resources",3
502068,"Controlled Substance Administration and Accountability Policy",Nursing,3
477410,"Culturally Competent Care Training","Staff Development",3
484266,"Laboratory Services and Reporting",Nursing,3
501248,"Competency RN Skills Checkoff","Staff Development",3
504170,"Arbitration Agreement","Policies and Procedures",3
497720,"Immediate Report Template",Nursing,3
497714,"Timeline Format",Nursing,3
484201,"Fall Toolkit",Nursing,3
497724,"Five Why&#8217;s RCA Template",Nursing,3
482751,"Attestation of Disenrollment",Administrative,3
501251,"Competency PCA Skills Checkoff","Staff Development",3
513932,"Sunscreen Process",Nursing,3
483220,"Pain Management Post Test","Staff Development",3
485159,"Behavior Tip Sheet &#8211; Manipulative Behavior","Staff Development",3
515089,"Consulting Physician/Practitioner Policy",Nursing,3
516483,"Staff and Visitor COVID Poster",Nursing,3
522629,"Narcotic Management",Nursing,3
497704,"Physical Abuse Questionnaire",Nursing,3
483238,"Emergency Procedure Post Test","Staff Development",3
502072,"Controlled Substance Administration and Accountability Post Test",Nursing,3
502887,"Culturally Competent Care Post Test","Policies and Procedures",3
485170,"Behavior Tip Sheet &#8211; Verbal Aggression","Staff Development",3
481120,"Diabetes Mellitus Pre/Post Test and Answer Key","Staff Development",3
510874,"Annual Policy and Procedure and Plan Approval",Nursing,3
473557,"Document Id: 473557 (Deleted)",,2
476461,"Document Id: 476461 (Deleted)",,2
476464,"Document Id: 476464 (Deleted)",,2
476450,"Document Id: 476450 (Deleted)",,2
476556,"Document Id: 476556 (Deleted)",,2
473566,"Clinical Policy and Procedure -Personal-Protective-Equipment-Policy",Nursing,2
477136,"Document Id: 477136 (Deleted)",,2
475731,"Document Id: 475731 (Deleted)",,2
473534,"Clinical &#8211; Policy and Procedure Oxygen-Safety",Nursing,2
478934,"Gait Belt Guideline",Nursing,2
477503,"Document Id: 477503 (Deleted)",,2
478007,"Fall Tool Kit",Nursing,2
481366,"CPAP BIPAP Cleaning Policy","Policies and Procedures",2
480582,"Document Id: 480582 (Deleted)",,2
484511,"Document Id: 484511 (Deleted)",,2
484417,"Document Id: 484417 (Deleted)",,2
482530,"Menus and Adequate Nutrition- Policy","Food and Nutrition Services",2
482507,"Frequency of Meals- Policy","Food and Nutrition Services",2
482495,"Disposal of Garbage-Policy","Food and Nutrition Services",2
482487,"How to Write on Communication Board for MNA &#8211; Process","Food and Nutrition Services",2
477511,"Full Liquid Diet-Policy","Food and Nutrition Services",2
482525,"Nursing Home Gardens- Policy","Food and Nutrition Services",2
485074,"Human Resources Form &#8211; Driver Competency Checklist","Human Resources",2
485058,"Admissions-BDD and AD Daily Reconciliation- Process","Policies and Procedures",2
484268,Radiology-and-Other-Diagnostic-Services-and-Reporting-Policy,Nursing,2
478023,"Conducting an Investigation Training",Nursing,2
492859,"Document Id: 492859 (Deleted)",,2
473561,"Document Id: 473561 (Deleted)",,2
500942,"Document Id: 500942 (Deleted)",,2
475790,"Document Id: 475790 (Deleted)",,2
475791,"Document Id: 475791 (Deleted)",,2
501232,"Document Id: 501232 (Deleted)",,2
482849,"Introductory Meetings-Business Office",Administrative,2
501246,"Competency LPN Skills Checkoff","Staff Development",2
484608,"PRE- Admissions Referral Follow through Expectations for Conversion -Creating Raving Fans","Policies and Procedures",2
501302,Admissions-Gateway-LOGO-Process,Administrative,2
492941,Timeline,Nursing,2
506743,"Document Id: 506743 (Deleted)",,2
501308,Admissions-Laurelwood-LOGO-Process,Administrative,2
492191,"Reportable Diseases List",Nursing,2
512313,"Employee Transfer Policy","Human Resources",2
509055,"Document Id: 509055 (Deleted)",,2
478009,"Falls Prevention Pre-Post Test","Staff Development",2
510621,"Electronic Signature Policy","Policies and Procedures",2
514326,"Affidavit of Healthcare Proxy","Social Services",2
485242,"Antecedent Behavior Monitoring Log","Social Services",2
515886,"Active Shooter Policy",Administrative,2
501380,"Accommodation of Needs","Policies and Procedures",2
514328,"Determination of Incapacity Form","Social Services",2
518869,"Utilization Review_MDS Huddle",MDS,2
519633,"Document Id: 519633 (Deleted)",,2
512533,"PCC Medical Professional Guidelines",Nursing,2
485240,"Non Pharmacological Ideas for Behavior Issues","Staff Development",2
519755,"MDS Orientation 08012024",MDS,2
497712,"Misappropriation Questionnaire",Nursing,2
519296,"SNF Respiratory Protocol",Nursing,2
519292,"Flu Vaccination Process",Nursing,2
506604,"Care Conference Minutes","Policies and Procedures",2
511291,"Restorative Nurse Job Description",Nursing,2
473609,"Administratvie Forms- Posting NOTICE TO TEAM MEMBERS&#8211; Suspected Crimes-Add local Law Enforcement Phone #",Administrative,1
476470,"Document Id: 476470 (Deleted)",,1
474322,"Document Id: 474322 (Deleted)",,1
474326,"Document Id: 474326 (Deleted)",,1
475732,"Document Id: 475732 (Deleted)",,1
477398,"Document Id: 477398 (Deleted)",,1
477491,"Document Id: 477491 (Deleted)",,1
477499,"Document Id: 477499 (Deleted)",,1
476421,"Document Id: 476421 (Deleted)",,1
480584,"Document Id: 480584 (Deleted)",,1
481334,"Document Id: 481334 (Deleted)",,1
478055,"Document Id: 478055 (Deleted)",,1
484264,"Bowel Management in a Paraplegic or Quadriplegic",Nursing,1
484844,"Document Id: 484844 (Deleted)",,1
482550,"Document Id: 482550 (Deleted)",,1
482556,"Standardized Menu- Policy","Food and Nutrition Services",1
482509,"Document Id: 482509 (Deleted)",,1
477622,"Clear Liquid Diet- Policy","Food and Nutrition Services",1
482548,"Document Id: 482548 (Deleted)",,1
486179,"Document Id: 486179 (Deleted)",,1
481089,"Facility Required Postings Policy","Policies and Procedures",1
473542,"Clinical Policy and Procedure -Providing-End-of-Life-Care",Nursing,1
481106,"Hypoglycemia Management Policy","Policies and Procedures",1
497420,"Document Id: 497420 (Deleted)",,1
484467,"Job Description &#8211; Admissions Liaison","Human Resources",1
501631,"Document Id: 501631 (Deleted)",,1
501300,"Admissions-Gandy- LOGO-Process",Administrative,1
501312,"Document Id: 501312 (Deleted)",,1
500723,"Admissions-PreAdmission- Financial- ICP Pending-Process","Policies and Procedures",1
501386,"Pest Control","Policies and Procedures",1
512535,"Document Id: 512535 (Deleted)",,1
501384,"C. Difficile","Policies and Procedures",1
484211,"Management of Respiratory Syncytial Virus (RSV) Policy","Policies and Procedures",1
484241,"Management of Respiratory-Syncytial-Virus-RSV Policy",Nursing,1
508513,"Pharmacy Services","Policies and Procedures",1
514475,"Document Id: 514475 (Deleted)",,1
514338,"Medical Decision Maker Policy","Social Services",1
500721,"Admissions- Tampa 5- Center by Center-Resource Guide 5.2023-Education","Policies and Procedures",1
518060,"Document Id: 518060 (Deleted)",,1
514933,"PCC eMAR_Backup",Nursing,1
484232,"Flushing a Feeding Tube Policy","Policies and Procedures",1
504175,"Maintenance of Clinical Record","Policies and Procedures",1
518077,"Utilization Review_UR Sign In Sheet",MDS,1
501287,"Bringing Children to Work","Human Resources",1
509057,"Biological Spill","Policies and Procedures",1
518056,"ADR Checklist Sunview 07032024",MDS,1
519631,"ADR Process Sunview 07032024",MDS,1
485155,"Behavior Tip Sheet &#8211; Fecal Smearing","Staff Development",1
485163,"Behavior Tip Sheet &#8211; Repetitive Concerns","Staff Development",1
485166,"Behavior Tip Sheet &#8211; Sleep Problems","Staff Development",1
485168,"Behavior Tip Sheet &#8211; Unsafe Movement","Staff Development",1
481118,"Diabetes in Older Adults","Staff Development",1
515087,"Physician/Practitioner Signature Log",Nursing,1
512306,"PTO during Resignation","Policies and Procedures",1
497716,"Verbal Abuse Questionnaire",Nursing,1
518071,"Utilization Review_PDPM Blank Form",MDS,1
485904,"Laboratory Services Policy","Policies and Procedures",1
519288,"Orientation Checklist Social Services Director",Nursing,1
514931,"Downtime Process Policy",Nursing,1
514929,"Downtime Process Steps",Nursing,1
514928,"Downtime Process Steps",Nursing,1
519294,"Respiratory Referral Form",Nursing,1
496721,"Hypoglycemia Policy",Nursing,1
493544,"Restraint Policy",Nursing,1
